未入力,未入力,TEST1,03広尾店,"2024-08-12 03:54:18"
TEST0811,TEST0811@test.jp,メモ欄へコメント,03広尾店,"2024-08-12 04:00:47"
くぼた　のぞみ,aa@test.jp,コメント,01丸の内店,"2024-08-12 04:01:37"
TEST3,TEST@,コメント,01丸の内店,"2024-08-12 04:02:00"
TEST4,TEST4@t.jp,"2024-08-12 04:02:26",02銀座店,"2024-08-12 04:02:26"
TEST5,TEST5@t.jp,メモ,01丸の内店,"2024-08-12 04:03:31"
TEST6,TET@T.jp,メモ,01丸の内店,"2024-08-12 04:04:02"
のぞみ1,n1@n.jp,コメント,01丸の内店,"2024-08-12 04:17:57"
2のぞみ,22@t2.jp,コメント,01丸の内店,"2024-08-12 04:18:25"
未入力,t3@t.jp,コメント,01丸の内店,"2024-08-12 04:18:41"
t4,t4@tt.jp,コメントt4,02銀座店,"2024-08-12 04:18:55"
t5,t5@t5.jp,コメントt5,03広尾店,"2024-08-12 04:19:09"
test6,test6@t6.jp,文字化け対応の確認,03広尾店,"2024-08-12 04:40:45"
くぼたのぞみ７,test7@t.jp,文字化け処理確認７,03広尾店,"2024-08-12 04:41:18"
のぞみ８,TEST8@t.jp,コメント,03広尾店,"2024-08-12 04:47:59"
くぼた　のぞみ10,"TEST10 @t.jp",,,"2024-08-12 06:36:50"
くぼた　のぞみ10,"TEST10 @t.jp",TEST,01丸の内店,"2024-08-12 06:37:01"
くぼた　のぞみ,test@yahoo.co.jp,TEST,01丸の内店,"2024-08-12 06:48:47"
くぼた　のぞみ999,999@t.jp,テスト999,01丸の内店,"2024-08-12 16:50:11"
あ　一郎,a1@test.jp,よく利用します。,01丸の内店,"2024-08-14 09:03:08"
